{
    "train_runtime": 703.2597,
    "train_samples_per_second": 70.913,
    "train_steps_per_second": 2.218,
    "train_loss": 4.702297093318059,
    "epoch": 5.0,
    "eval_loss": 4.722890853881836,
    "eval_wups": 0.14046652108454385,
    "eval_acc": 0.08500400962309543,
    "eval_f1": 0.002320532010344443,
    "eval_runtime": 15.4536,
    "eval_samples_per_second": 161.387,
    "eval_steps_per_second": 5.047,
    "num_params": 99159878
}