{
    "train_runtime": 847.819,
    "train_samples_per_second": 58.822,
    "train_steps_per_second": 1.84,
    "train_loss": 3.9820613469832984,
    "epoch": 5.0,
    "eval_loss": 3.5738279819488525,
    "eval_wups": 0.29724600604733653,
    "eval_acc": 0.24659182036888533,
    "eval_f1": 0.0270454730494357,
    "eval_runtime": 11.5312,
    "eval_samples_per_second": 216.283,
    "eval_steps_per_second": 6.764,
    "num_params": 196958534
}