{
    "train_runtime": 818.9143,
    "train_samples_per_second": 60.898,
    "train_steps_per_second": 1.905,
    "train_loss": 4.136267383282001,
    "epoch": 5.0,
    "eval_loss": 3.672647476196289,
    "eval_wups": 0.286504503140178,
    "eval_acc": 0.23536487570168405,
    "eval_f1": 0.020329695348851217,
    "eval_runtime": 12.0397,
    "eval_samples_per_second": 207.148,
    "eval_steps_per_second": 6.479,
    "num_params": 196956998
}