{
    "train_runtime": 867.3453,
    "train_samples_per_second": 57.497,
    "train_steps_per_second": 1.799,
    "train_loss": 3.9635019644712792,
    "epoch": 5.0,
    "eval_loss": 3.5496323108673096,
    "eval_wups": 0.2915325439456014,
    "eval_acc": 0.2433841218925421,
    "eval_f1": 0.02840223469514268,
    "eval_runtime": 11.6094,
    "eval_samples_per_second": 214.826,
    "eval_steps_per_second": 6.719,
    "num_params": 212121926
}