{
    "train_runtime": 867.4368,
    "train_samples_per_second": 57.491,
    "train_steps_per_second": 1.798,
    "train_loss": 3.963605978550055,
    "epoch": 5.0,
    "eval_loss": 3.5681769847869873,
    "eval_wups": 0.3031487160207256,
    "eval_acc": 0.25380914194065757,
    "eval_f1": 0.034022049734839,
    "eval_runtime": 11.1934,
    "eval_samples_per_second": 222.81,
    "eval_steps_per_second": 6.968,
    "num_params": 196329734
}