{
    "train_runtime": 691.5322,
    "train_samples_per_second": 72.115,
    "train_steps_per_second": 2.256,
    "train_loss": 4.342276431352664,
    "epoch": 5.0,
    "eval_loss": 3.9437813758850098,
    "eval_wups": 0.2200180325021041,
    "eval_acc": 0.16279069767441862,
    "eval_f1": 0.016950046038102084,
    "eval_runtime": 11.2103,
    "eval_samples_per_second": 222.475,
    "eval_steps_per_second": 6.958,
    "num_params": 98531078
}